CREATE TABLE [CLIENTE] ( 
CODCLI INT, 
NOMECLI VARCHAR(45), 
UFCLI VARCHAR(2), 
PRIMARY KEY (CODCLI) 
); 

INSERT INTO CLIENTE (CODCLI, NOMECLI, UFCLI) VALUES (1, "Baidu", "PK"); 
INSERT INTO CLIENTE (CODCLI, NOMECLI, UFCLI) VALUES (2, "Google", "MG"); 
INSERT INTO CLIENTE (CODCLI, NOMECLI, UFCLI) VALUES (3, "OpenAI", "SF"); 
INSERT INTO CLIENTE (CODCLI, NOMECLI, UFCLI) VALUES (4, "Facebook", "CA"); 
INSERT INTO CLIENTE (CODCLI, NOMECLI, UFCLI) VALUES (5, "Nubank", "SP"); 
INSERT INTO CLIENTE (CODCLI, NOMECLI, UFCLI) VALUES (6, "iFood", "SP"); 

CREATE TABLE [PROJETO] ( 
SIGLA VARCHAR(10), 
NOMEPRO VARCHAR(45), 
DATAINICIO TEXT,
CODCLI INT,
FOREIGN KEY (CODCLI) REFERENCES CLIENTE(CODCLI), 
PRIMARY KEY (SIGLA) 
); 

INSERT INTO PROJETO (SIGLA, NOMEPRO, DATAINICIO, CODCLI) VALUES ("NMT", "Neural Machine Translation (Chinês para Português)", datetime('now', '-1 day', 'localtime'), 1); 
INSERT INTO PROJETO (SIGLA, NOMEPRO, DATAINICIO, CODCLI) VALUES ("Search", "Otimização Sistema de Busca", datetime('now', 'start of day', 'localtime'), 2); 
INSERT INTO PROJETO (SIGLA, NOMEPRO, DATAINICIO, CODCLI) VALUES ("Spam", "Detecção de Spam (Gmail)", datetime('now', '-3 years', 'localtime'), 2); 
INSERT INTO PROJETO (SIGLA, NOMEPRO, DATAINICIO, CODCLI) VALUES ("Fake", "Detecção de Fake News", datetime('now', 'start of day', 'localtime'), 3); 
INSERT INTO PROJETO (SIGLA, NOMEPRO, DATAINICIO, CODCLI) VALUES ("SDC", "Self Driving Car", datetime('now', 'start of day', 'localtime'), 3); 
INSERT INTO PROJETO (SIGLA, NOMEPRO, DATAINICIO, CODCLI) VALUES ("Pay", "Sistema de Pagamento", datetime('now', '-34 days', 'localtime'), 6); 
INSERT INTO PROJETO (SIGLA, NOMEPRO, DATAINICIO, CODCLI) VALUES ("RecSys", "Sistema de Recomendação", datetime('now', '-39 days', 'localtime'), 6); 
INSERT INTO PROJETO (SIGLA, NOMEPRO, DATAINICIO, CODCLI) VALUES ("WhatsApp", "Cliente desktop para o WhatsApp", datetime('now', '-42 days', 'localtime'), 4); 
INSERT INTO PROJETO (SIGLA, NOMEPRO, DATAINICIO, CODCLI) VALUES ("VR", "Hardware para Oculus VR", datetime('now', '-3 months', 'localtime'), 4); 
INSERT INTO PROJETO (SIGLA, NOMEPRO, DATAINICIO, CODCLI) VALUES ("Fraud", "Detecção de Fraude", datetime('now', '-2 years', 'localtime'), 5); 

CREATE TABLE [CONSULTOR] ( 
CPF INT, 
NOMECON VARCHAR(48), 
DATANASCCON TEXT,
UFNASCCON VARCHAR(2),
PRIMARY KEY (CPF) 
); 

INSERT INTO CONSULTOR (CPF, NOMECON, DATANASCCON, UFNASCCON) VALUES (13414263351, "Samuel Araujo Azevedo", datetime('now', '-29 years', 'localtime'), "PR"); 
INSERT INTO CONSULTOR (CPF, NOMECON, DATANASCCON, UFNASCCON) VALUES (71960563530, "Diogo Cavalcanti Rocha", datetime('now', '-28 years', 'localtime'), "PB"); 
INSERT INTO CONSULTOR (CPF, NOMECON, DATANASCCON, UFNASCCON) VALUES (44434353608, "Melissa Carvalho Cunha", datetime('now', '-25 years', 'localtime'), "SP"); 
INSERT INTO CONSULTOR (CPF, NOMECON, DATANASCCON, UFNASCCON) VALUES (62465487841, "Lucas Fernandes Costa", datetime('now', '-21 years', 'localtime'), "SP"); 
INSERT INTO CONSULTOR (CPF, NOMECON, DATANASCCON, UFNASCCON) VALUES (03074973994, "Julieta Maciel Sousa", datetime('now', '-35 years', 'localtime'), "RJ"); 
INSERT INTO CONSULTOR (CPF, NOMECON, DATANASCCON, UFNASCCON) VALUES (29762035631, "Caio Dias Ribeiro", datetime('now', '-22 years', 'localtime'), "MG"); 
INSERT INTO CONSULTOR (CPF, NOMECON, DATANASCCON, UFNASCCON) VALUES (34646193892, "Rodrigo Araujo Cardoso", datetime('now', '-19 years', 'localtime'), "SP"); 
INSERT INTO CONSULTOR (CPF, NOMECON, DATANASCCON, UFNASCCON) VALUES (17787063122, "Larissa Fernandes Araujo", datetime('now', '-42 years', 'localtime'), "MG"); 
INSERT INTO CONSULTOR (CPF, NOMECON, DATANASCCON, UFNASCCON) VALUES (31266012516, "Leonor Goncalves Rocha", datetime('now', '-40 years', 'localtime'), "MG"); 
INSERT INTO CONSULTOR (CPF, NOMECON, DATANASCCON, UFNASCCON) VALUES (85726311353, "Brenda Oliveira Goncalves", datetime('now', '-38 years', 'localtime'), "TO"); 


CREATE TABLE [EQUIPE] ( 
SIGLA VARCHAR(10), 
CPF INT, 
FOREIGN KEY (SIGLA) REFERENCES PROJETO(SIGLA), 
FOREIGN KEY (CPF) REFERENCES CONSULTOR(CPF), 
PRIMARY KEY (SIGLA, CPF) 
); 

INSERT INTO EQUIPE (SIGLA, CPF) VALUES ("NMT", 44434353608); 
INSERT INTO EQUIPE (SIGLA, CPF) VALUES ("Fraud", 44434353608); 
INSERT INTO EQUIPE (SIGLA, CPF) VALUES ("Fraud", 71960563530); 
INSERT INTO EQUIPE (SIGLA, CPF) VALUES ("Spam", 44434353608); 
INSERT INTO EQUIPE (SIGLA, CPF) VALUES ("Spam", 71960563530); 
INSERT INTO EQUIPE (SIGLA, CPF) VALUES ("RecSys", 29762035631); 
INSERT INTO EQUIPE (SIGLA, CPF) VALUES ("RecSys", 03074973994); 
INSERT INTO EQUIPE (SIGLA, CPF) VALUES ("RecSys", 62465487841); 
INSERT INTO EQUIPE (SIGLA, CPF) VALUES ("WhatsApp", 17787063122); 
INSERT INTO EQUIPE (SIGLA, CPF) VALUES ("WhatsApp", 31266012516); 
INSERT INTO EQUIPE (SIGLA, CPF) VALUES ("Pay", 17787063122); 
INSERT INTO EQUIPE (SIGLA, CPF) VALUES ("Pay", 31266012516); 
INSERT INTO EQUIPE (SIGLA, CPF) VALUES ("VR", 34646193892); 

CREATE TABLE [VIAGEM] ( 
SIGLA VARCHAR(10), 
CPF INT, 
DATAVIAGEM TEXT,
ORIGEM VARCHAR(20),
DESTINO VARCHAR(20),
FOREIGN KEY (SIGLA) REFERENCES PROJETO(SIGLA), 
FOREIGN KEY (CPF) REFERENCES CONSULTOR(CPF), 
FOREIGN KEY (ORIGEM) REFERENCES 'LOCAL'(NOMELOC), 
FOREIGN KEY (DESTINO) REFERENCES 'LOCAL'(NOMELOC), 
PRIMARY KEY (SIGLA, CPF, DATAVIAGEM) 
); 

INSERT INTO VIAGEM (SIGLA, CPF, DATAVIAGEM, ORIGEM, DESTINO) VALUES ("NMT", 44434353608, datetime('now', '-45 days', 'localtime'), "IBD-SP", "Baidu"); 
INSERT INTO VIAGEM (SIGLA, CPF, DATAVIAGEM, ORIGEM, DESTINO) VALUES ("Spam", 71960563530, datetime('now', '-42 days', 'localtime'), "Google", "IBD-MG"); 
INSERT INTO VIAGEM (SIGLA, CPF, DATAVIAGEM, ORIGEM, DESTINO) VALUES ("RecSys", 29762035631, datetime('now', '-38 days', 'localtime'), "IBD-MG", "iFood"); 
INSERT INTO VIAGEM (SIGLA, CPF, DATAVIAGEM, ORIGEM, DESTINO) VALUES ("VR", 34646193892, datetime('now', '-34 days', 'localtime'), "OpenAI", "IBD-SP"); 
INSERT INTO VIAGEM (SIGLA, CPF, DATAVIAGEM, ORIGEM, DESTINO) VALUES ("Pay", 17787063122, datetime('now', '-34 days', 'localtime'), "iFood", "IBD-SP"); 
INSERT INTO VIAGEM (SIGLA, CPF, DATAVIAGEM, ORIGEM, DESTINO) VALUES ("WhatsApp", 31266012516, datetime('now', '-32 days', 'localtime'), "IBD-SP", "Facebook"); 
INSERT INTO VIAGEM (SIGLA, CPF, DATAVIAGEM, ORIGEM, DESTINO) VALUES ("NMT", 44434353608, datetime('now', '-27 days', 'localtime'), "Baidu", "IBD-SP"); 
INSERT INTO VIAGEM (SIGLA, CPF, DATAVIAGEM, ORIGEM, DESTINO) VALUES ("Fraud", 71960563530, datetime('now', '-25 days', 'localtime'), "IBD-SP", "Nubank"); 
INSERT INTO VIAGEM (SIGLA, CPF, DATAVIAGEM, ORIGEM, DESTINO) VALUES ("Spam", 44434353608, datetime('now', '-20 days', 'localtime'), "IBD-PR", "Google"); 
INSERT INTO VIAGEM (SIGLA, CPF, DATAVIAGEM, ORIGEM, DESTINO) VALUES ("Pay", 17787063122, datetime('now', '-20 days', 'localtime'), "iFood", "IBD-MG"); 
INSERT INTO VIAGEM (SIGLA, CPF, DATAVIAGEM, ORIGEM, DESTINO) VALUES ("RecSys", 03074973994, datetime('now', '-15 days', 'localtime'), "iFood", "IBD-MG"); 
INSERT INTO VIAGEM (SIGLA, CPF, DATAVIAGEM, ORIGEM, DESTINO) VALUES ("RecSys", 62465487841, datetime('now', '-14 days', 'localtime'), "IBD-MG", "iFood"); 
INSERT INTO VIAGEM (SIGLA, CPF, DATAVIAGEM, ORIGEM, DESTINO) VALUES ("WhatsApp", 17787063122, datetime('now', '-7 days', 'localtime'), "Facebook", "IBD-SP"); 
INSERT INTO VIAGEM (SIGLA, CPF, DATAVIAGEM, ORIGEM, DESTINO) VALUES ("VR", 34646193892, datetime('now', '-7 days', 'localtime'), "IBD-MG", "Oculus VR"); 

CREATE TABLE [LOCAL] ( 
NOMELOC VARCHAR(45), 
UFLOC VARCHAR(2), 
PRIMARY KEY (NOMELOC) 
); 

INSERT INTO 'LOCAL' (NOMELOC, UFLOC) VALUES ("IBD-MG", "MG"); 
INSERT INTO 'LOCAL' (NOMELOC, UFLOC) VALUES ("Google", "MG"); 
INSERT INTO 'LOCAL' (NOMELOC, UFLOC) VALUES ("Nubank", "SP"); 
INSERT INTO 'LOCAL' (NOMELOC, UFLOC) VALUES ("Facebook", "CA"); 
INSERT INTO 'LOCAL' (NOMELOC, UFLOC) VALUES ("Oculus VR", "CA"); 
INSERT INTO 'LOCAL' (NOMELOC, UFLOC) VALUES ("IBD-PR", "PR"); 
INSERT INTO 'LOCAL' (NOMELOC, UFLOC) VALUES ("iFood", "SP"); 
INSERT INTO 'LOCAL' (NOMELOC, UFLOC) VALUES ("Baidu", "PK"); 
INSERT INTO 'LOCAL' (NOMELOC, UFLOC) VALUES ("OpenAI", "SF"); 
INSERT INTO 'LOCAL' (NOMELOC, UFLOC) VALUES ("IBD-SP", "SP"); 
INSERT INTO 'LOCAL' (NOMELOC, UFLOC) VALUES ("Amazon", "WA"); 
INSERT INTO 'LOCAL' (NOMELOC, UFLOC) VALUES ("Netflix", "CA"); 
INSERT INTO 'LOCAL' (NOMELOC, UFLOC) VALUES ("Spotify", "NY"); 